steam,2021-08-04,2021-08-05,2021-08-06,2021-08-07,2021-08-08,2021-08-09,2021-08-10,2021-08-11,2021-08-12,2021-08-13,2021-08-14,2021-08-15,2021-08-16,2021-08-17,2021-08-18,2021-08-19,2021-08-20,2021-08-21,2021-08-22,2021-08-23,2021-08-24,2021-08-25,2021-08-26,2021-08-27,2021-08-28,2021-08-29,2021-08-30,2021-08-31,2021-09-01,2021-09-02,2021-09-03,2021-09-04,2021-09-05,2021-09-06,2021-09-07,2021-09-08,2021-09-09,2021-09-10,2021-09-11,2021-09-12,2021-09-13,2021-09-14,2021-09-15,2021-09-16,2021-09-17,2021-09-18,2021-09-19,2021-09-20,2021-09-21,2021-09-22,2021-09-23,2021-09-24,2021-09-25,2021-09-26,2021-09-27
ARI,2.3992603600491402,2.39778751923379,2.39778751923378,2.39778751923378,2.39778751923378,2.39778751923378,2.3663869827752997,2.34991475789747,2.34991475789747,2.34991475789747,2.34991475789747,2.34991475789747,2.34991475789747,2.34991475789747,2.34991475789747,2.34991475789747,2.34991475789747,2.34991475789747,2.34991475789747,2.34991475789747,2.34991475789747,2.34991475789747,2.34991475789747,2.34991475789747,2.34991475789747,2.34991475789747,2.34991475789746,2.34991475789747,2.34991475789747,2.34991475789747,2.34991475789747,2.34991475789747,2.34991475789747,2.34991475789747,2.34991475789747,2.34991475789747,2.34991475789747,2.34991475789747,2.34991475789747,2.3918994649415897,3.0544288189931,3.13214260741686,3.13214260741686,3.13214260741685,3.1894783163234104,3.26974830879259,3.26974830879259,3.53030125703178,3.5219391859697096,3.5219391859697207,3.5219391859697096,3.5219391859697096,3.5219391859697096,3.53621490067646,3.65631772189002
ATL,1.43617875251447,1.4360874015514198,1.4355849712546498,1.4355849712546498,1.4355849712546498,1.4355849712546498,1.54196844155273,1.5600737866488201,1.54243608429628,1.52159152697054,1.51678137483098,1.49273061413319,1.49273061413319,1.49273061413319,1.49273061413319,1.49273061413319,1.49273061413319,1.49273061413319,1.49273061413319,1.49273061413319,1.49273061413319,1.49273061413319,1.49273061413319,1.49273061413319,1.49273061413319,1.49273061413319,1.4880035545533299,1.4838017238156798,1.4838017238156798,1.4838017238156798,1.4838017238156798,1.4838017238156798,1.4838017238156798,1.48139658258578,1.4773880138693,1.4773880138693,1.4773880138693,1.4757407899642199,1.48003320152863,1.4765921922924,1.23743152298441,1.20829382122229,1.20829382122229,1.20829382122228,1.1773412488858899,1.1340076476149499,1.12660356037994,0.8505635116700341,0.838482102486767,0.8384821024867651,0.838482102486767,0.838482102486766,0.838482102486767,0.840770147178685,0.8604364360782741
BAL,6.67960239651416,6.679602396514221,6.6796023965142,6.67960239651419,6.6796023965142,6.69618983957224,6.70138888888893,6.70138888888893,6.70138888888893,6.70138888888893,6.70138888888893,6.70138888888893,6.705360384894741,6.747685185185231,6.747685185185231,6.747685185185231,6.747685185185231,6.747685185185231,6.73210470085474,6.72987891737896,6.72987891737896,6.72987891737896,6.72987891737896,6.72987891737896,6.72987891737896,6.72987891737896,6.729878917378861,6.713775857797629,6.68358262108266,6.68358262108266,6.68358262108266,6.68358262108266,6.68358262108266,6.675412686442139,6.66179612870794,6.66179612870794,6.65988831430012,6.6365119475870005,6.664231368688769,6.65747982547889,6.56998533694273,6.5699853369427,6.175611539398051,6.17561153939807,5.97548741923719,5.69531365101195,5.69531365101195,6.458967082708679,6.61844382290118,6.618443822901161,6.61844382290118,6.4863898864994205,6.46581867027604,6.5021520390775,6.61687865620325
BUF,7.7845765345765,7.78457653457647,7.78457653457648,7.78457653457648,7.78457653457648,7.792467948717889,7.94176406155566,7.948812375895639,7.939167314167251,7.939167314167251,7.939167314167251,7.939167314167251,7.92921873651034,7.89141414141408,7.89141414141408,7.89141414141408,7.89141414141408,7.89141414141408,7.906994625744559,7.9092204092203495,7.9092204092203495,7.9092204092203495,7.9092204092203495,7.9092204092203495,7.9092204092203495,7.9092204092203495,7.920218398159539,8.09618622118615,8.096186221186139,8.096186221186139,8.096186221186139,8.096186221186139,8.096186221186139,8.10286357161349,8.113992488992409,8.113992488992409,8.113992488992409,8.113992488992409,8.113992488992409,8.06563033728272,7.199008129859071,7.10015864021389,7.23901098901098,7.2390109890109695,7.2390109890109695,7.2390109890109695,7.28995246428478,8.09541752000142,8.0987299737299,8.09872997372991,8.0987299737299,8.0987299737299,8.0987299737299,8.25353417524528,9.503785161438689
CAR,1.44341916388646,1.4170187472217601,1.4023115212211699,1.4023115212211699,1.4023115212211699,1.4023115212211699,1.35442390529608,1.32569133574103,1.31218976464911,1.29623336244958,1.29296025430609,1.2765947135886202,1.27425225779544,1.26535092578138,1.26535092578138,1.26535092578138,1.26535092578138,1.26535092578138,1.26535092578138,1.26535092578138,1.26535092578138,1.26535092578138,1.26535092578138,1.26535092578138,1.26535092578138,1.26535092578138,1.26062386620153,1.2564220354638702,1.25667294042925,1.25943289504843,1.25943289504843,1.25943289504843,1.25943289504843,1.25943289504843,1.25943289504843,1.25943289504843,1.25943289504843,1.26177535084161,1.27067668285567,1.2806970328837,1.42226810250574,1.43226660645249,1.43226660645248,1.43226660645249,1.45120472930787,1.4777181013054,1.5129204547512098,1.8536274896984601,1.85913982100919,1.85913982100919,1.85913982100919,1.87011392904524,1.8724242675791498,1.8724242675791498,1.86099778556442
CHI,1.79516755383817,1.79516755383819,1.79516755383819,1.79516755383819,1.79516755383819,1.79516755383819,1.84771687854525,1.8524940898822502,1.82793964150909,1.79892074797717,1.79019823616629,1.74658567711188,1.74658567711188,1.74658567711188,1.74658567711188,1.74658567711188,1.74658567711188,1.7496252469015,1.7587439562703502,1.7587439562703502,1.7587439562703502,1.7587439562703502,1.7587439562703502,1.727690113632,1.66558242835529,1.66558242835529,1.66558242835529,1.66558242835529,1.66592843333541,1.66973448811665,1.66973448811665,1.66973448811665,1.66973448811665,1.66973448811665,1.66303621301752,1.65633793791839,1.65633793791839,1.65633793791839,1.65633793791839,1.65633793791839,1.5250605162978101,1.5041894134325,1.5041894134325,1.50418941343251,1.48429559282351,1.45644424397091,1.46036861840204,1.52127843279132,1.484510156999,1.4776615848986,1.47766158489861,1.4776615848986,1.47766158489861,1.4368926863794198,1.05965976144021
CIN,0.898129035678994,0.898125507065101,0.898106099688746,0.898106099688746,0.898106099688746,0.898106099688746,0.8730963308102359,0.8580904694831278,0.833046574365139,0.8034492437711529,0.7968461489767671,0.7638306750048379,0.760824330131668,0.7515829775719559,0.7515829775719559,0.7515829775719559,0.7515829775719559,0.7515829775719559,0.7515829775719559,0.7515829775719559,0.7515829775719559,0.7515829775719559,0.7515829775719559,0.7515829775719559,0.7515829775719559,0.7515829775719559,0.7446889058118381,0.7379650051812041,0.7344441091996579,0.7348615428727959,0.7348615428727959,0.7348615428727959,0.7348615428727959,0.7348615428727959,0.7348615428727959,0.7348615428727959,0.7348615428727959,0.7348615428727959,0.7348615428727959,0.743575992774283,0.95471488688125,0.9761174309816251,0.976117430981626,0.976117430981624,0.9466987655280441,0.905512633893024,0.89797097284082,0.657200619946166,0.6480575291557739,0.648057529155772,0.6480575291557739,0.648057529155773,0.6480575291557739,0.682936044135371,0.8607963306973431
CLE,5.895061728395111,5.8950617283951505,5.89506172839514,5.89506172839514,5.89506172839514,5.902184235517651,6.00525110329039,6.0542707111335305,6.0542707111335305,6.0542707111335305,6.0542707111335305,6.0542707111335305,6.04798614602543,6.003994190268769,6.003994190268769,6.003994190268769,6.003994190268769,6.003994190268769,6.003994190268769,6.003994190268769,6.003994190268769,6.003994190268769,6.003994190268769,6.003994190268769,6.003994190268769,6.003994190268769,6.016809774018589,6.03335859303471,6.047567175018231,6.047567175018231,6.047567175018231,6.047567175018231,6.047567175018231,6.047567175018231,6.047567175018231,6.047567175018231,6.050355327316179,6.08799632762137,6.098468108926481,6.15288728208873,6.124809198169099,6.106650543965559,6.27461237596553,6.274612375965559,6.274612375965559,6.274612375965559,6.284533010886179,6.08002257119545,6.03572723162074,6.035727231620751,6.03572723162074,6.035727231620751,6.03572723162074,6.067478518701369,6.46483352579685
DAL,3.4239088065562004,3.3835014514369797,3.35901158535358,3.35901158535359,3.35901158535358,3.35798277876922,3.35901158535358,3.35901158535358,3.33726901735866,3.31157325518282,3.30630232960829,3.27994770173564,3.27994770173564,3.27994770173564,3.27994770173564,3.27994770173564,3.27994770173564,3.2768363915006806,3.2675024607957797,3.2675024607957797,3.2675024607957797,3.2675024607957797,3.2675024607957797,3.2675024607957797,3.2675024607957797,3.2675024607957797,3.2675024607958103,3.26750246079579,3.2675024607957797,3.2675024607957797,3.2675024607957797,3.2675024607957797,3.2675024607957797,3.2675024607957797,3.2643198976857697,3.2611373345757597,3.2611373345757597,3.21085886383252,3.1572054493820203,3.1478713155668903,3.07365884514731,3.08073653597966,3.0807365359796806,3.0807365359796806,3.05825719893414,3.0267861270703595,3.0267861270703595,3.46530443948373,3.46569651516375,3.4656965151637595,3.46569651516375,3.46569651516375,3.46569651516375,3.4726641851749,3.5773655435776095
DEN,2.5987072091559904,2.5965186240723797,2.59595600498555,2.59595600498555,2.59595600498555,2.60612651301573,2.48575315156702,2.4033586266676097,2.36682639860023,2.32365194724787,2.3167408720680203,2.28218549616879,2.28438782291005,2.28625133015266,2.28625133015266,2.28625133015266,2.28625133015266,2.28625133015266,2.28625133015266,2.28625133015266,2.28625133015266,2.28625133015266,2.28625133015266,2.28625133015266,2.28625133015266,2.28625133015266,2.2654369330705095,2.23007708348452,2.1931685428482197,2.18490134708103,2.18149720764747,2.18149720764747,2.18149720764747,2.18149720764747,2.18149720764747,2.18149720764747,2.18149720764747,2.18278464636539,2.18767691349348,2.18767691349348,2.330842309155,2.35384743584403,2.35384743584403,2.3538474358440498,2.4254657886655697,2.5257314826157002,2.5460969108414,2.9860676895113905,2.9884087875301404,2.9884087875301497,2.9884087875301404,2.9884087875301404,2.9884087875301404,2.99920843135857,3.26587552372175
DET,0.5595590257197839,0.5595528372812221,0.5595188008691601,0.5595188008691601,0.5595188008691601,0.5595188008691601,0.549719859468398,0.5438404946279399,0.5384421391829429,0.5320622645661279,0.530517202946699,0.5227918948495529,0.5227918948495529,0.5227918948495529,0.5227918948495529,0.5227918948495529,0.5227918948495529,0.5227918948495529,0.5227918948495529,0.5227918948495529,0.5227918948495529,0.5227918948495529,0.5227918948495529,0.5227918948495529,0.5227918948495529,0.5227918948495529,0.51910776126346,0.516528867753193,0.516547070230835,0.5145839244156061,0.5136931237400151,0.5136931237400151,0.5136931237400151,0.5136931237400151,0.5136931237400151,0.5136931237400151,0.5136931237400151,0.5136931237400151,0.5136931237400151,0.511744690607654,0.48060439620833895,0.479393274264226,0.479393274264224,0.479393274264222,0.4713638478387271,0.46012265084303705,0.46012265084303705,0.456903624183508,0.397578605519376,0.3870932246226121,0.38709322462261,0.38709322462261103,0.38709322462261,0.38364050387612203,0.26227200532506695
GB,7.40219770244277,7.402197702442759,7.402197702442759,7.402197702442759,7.402197702442759,7.411910212155269,7.29413898687912,7.31235650726035,7.31235650726035,7.31235650726035,7.31235650726035,7.31235650726035,7.31235650726035,7.31235650726035,7.31235650726035,7.31235650726035,7.31235650726035,7.31235650726035,7.31235650726035,7.31235650726035,7.31235650726035,7.313389906731241,7.3371580945619295,7.3371580945619295,7.3371580945619295,7.3371580945619295,7.34613604471635,7.35242060982445,7.35242060982445,7.35242060982445,7.35242060982445,7.35242060982445,7.35242060982445,7.361890306794139,7.37767313507697,7.37767313507697,7.37767313507697,7.37767313507697,7.37767313507697,7.35795716580611,6.78325774646091,6.72819305784992,6.728193057849929,6.728193057849951,6.63826547039236,6.512366847951701,6.512366847951701,6.52896158787897,6.73046543144585,6.73630109904621,6.73630109904623,6.736301099046219,6.73630109904623,6.73630109904623,7.283971775937671
HOU,0.4585574106715321,0.45828275871361407,0.45827189902817295,0.45827189902817295,0.45827189902817295,0.45827189902817295,0.43789892119568496,0.42567513449619204,0.41810453243786894,0.40915745727803404,0.40732215980934905,0.39814567246592897,0.39814567246592897,0.39814567246592897,0.39814567246592897,0.39814567246592897,0.39814567246592897,0.39814567246592897,0.39814567246592897,0.39814567246592897,0.39814567246592897,0.39814567246592897,0.39814567246592897,0.39814567246592897,0.39814567246592897,0.39814567246592897,0.394461538879839,0.391882645369569,0.391882645369569,0.391882645369569,0.391882645369569,0.391882645369569,0.391882645369569,0.391882645369569,0.387950719923514,0.38401879447746,0.38401879447746,0.38442776079904994,0.385981832821095,0.39462061826882794,0.515163726273205,0.529361640252963,0.529361640252961,0.529361640252959,0.523941971028968,0.516354434115384,0.5100347578698471,0.358269332041089,0.347678966471077,0.34767896647107804,0.347678966471077,0.280808717597883,0.269351208570266,0.268166493480028,0.233370081941493
IND,3.16195475935151,3.1420894675955897,3.09618519993007,3.0961851999300802,3.09618519993007,3.09187723191243,2.88469796279204,2.9101888974552703,3.0428710734467703,3.04633733264896,3.0374132997123398,2.99279313502924,2.9915666423586,2.99279313502924,2.99279313502924,2.99279313502924,2.99279313502924,3.00913661612931,3.23726813546264,3.244175739353,3.244175739353,3.244175739353,3.244175739353,3.244175739353,3.244175739353,3.244175739353,3.2293885273339598,2.98767386127351,2.97826461224051,2.97836443381459,2.97754771487791,2.97754771487791,2.97754771487791,2.97754771487791,2.97499461030275,2.97244150572759,2.97244150572759,2.97503426425672,2.98488674666745,2.96618424219856,2.61490426422903,2.58901592178337,2.5890159217833797,2.58901592178341,2.58901592178341,2.58901592178341,2.55658005437047,2.30713826205148,2.29438947864967,2.29438947864967,2.29438947864967,2.29438947864967,2.29438947864967,2.21577320104329,1.7505291853363703
JAC,1.03255212078384,1.03209854716545,1.0320791397891,1.0320791397891,1.0320791397891,1.0320791397891,1.00706937091059,0.992063509583478,0.973388802606608,0.9513186943612141,0.9467914926698521,0.9241554842130392,0.9225638898684201,0.9186985893172009,0.9186985893172009,0.9186985893172009,0.9186985893172009,0.9186985893172009,0.9186985893172009,0.9186985893172009,0.9186985893172009,0.9186985893172009,0.9186985893172009,0.9186985893172009,0.9186985893172009,0.9186985893172009,0.9079993277318421,0.89928507487881,0.8994744705557801,0.9015578230024391,0.9015578230024391,0.9015578230024391,0.9015578230024391,0.899746543804617,0.8967277451415829,0.8967277451415829,0.8967277451415829,0.8967277451415829,0.8967277451415829,0.8810781001227671,0.645057089997973,0.625866411281105,0.625866411281105,0.6258664112811,0.6181501801932211,0.607347456670194,0.603029523572005,0.49017311027221,0.480660697570068,0.480660697570068,0.480660697570068,0.480660697570068,0.480660697570068,0.469995240679422,0.31076784866756496
KC,17.685185185185198,18.3259574563922,17.2668716146976,17.2668716146976,17.2668716146976,17.3054387167229,17.3697172200985,17.3697172200985,17.3697172200985,17.3697172200985,17.3697172200985,17.4176973474111,17.5223277674393,17.319212169593502,17.319212169593502,17.319212169593502,17.319212169593502,17.319212169593502,17.319212169593502,17.319212169593502,17.319212169593502,17.319212169593502,17.319212169593502,17.319212169593502,17.319212169593502,17.319212169593502,17.319212169593502,17.319212169593502,17.319212169593502,17.319212169593502,17.319212169593502,17.319212169593502,17.319212169593502,17.319212169593502,17.319212169593502,17.319212169593502,17.319212169593502,17.319212169593502,17.319212169593502,17.319212169593502,17.1655011463173,17.1435424287065,17.1435424287064,17.1435424287064,17.2571482941239,17.4161965057083,17.4161965057083,16.833455252046598,16.6644707949055,16.6644707949055,16.6644707949055,16.6644707949055,16.6644707949055,16.4837086390181,15.0054050484796
LA,7.1390415140415,7.06206050209721,7.009035306773981,7.009035306773981,7.009035306773981,6.99835665916067,6.80884653540903,6.71436202686202,6.74619073056574,6.78380647130647,6.79345153303488,6.841676841676849,6.841514739799059,6.8549043549043605,6.8549043549043605,6.8549043549043605,6.8549043549043605,6.8549043549043605,6.8549043549043605,6.8549043549043605,6.8549043549043605,6.8549043549043605,6.8549043549043605,6.8549043549043605,6.8549043549043605,6.8549043549043605,6.86388230505874,6.857988085609571,6.83467434987424,6.82941068827983,6.82941068827983,6.82941068827983,6.82941068827983,6.82941068827983,6.82941068827983,6.82941068827983,6.82941068827983,6.831653820324191,6.85399239909026,6.82035996294138,7.18936565233073,7.2386520708108195,7.238652070810809,7.238652070810809,7.323655801647849,7.44266102481974,7.47291501386832,7.8547792870709,7.89052671865165,8.02296083546079,8.022960835460768,7.860381868533991,7.83599502349497,7.930174159718421,9.970631715826391
LAC,3.03062248033787,3.03062248033786,3.03062248033787,3.03062248033787,3.03062248033787,3.03062248033787,3.03062248033787,3.03062248033787,3.03062248033787,3.03062248033787,3.03062248033787,3.0365522716092097,3.03852886869966,3.03852886869966,3.03852886869966,3.03852886869966,3.03852886869966,3.03852886869966,3.03852886869966,3.03852886869966,3.03852886869966,3.03852886869966,3.03852886869966,3.03852886869966,3.03852886869966,3.03852886869966,3.03852886869968,3.03695013736816,3.03399001612159,3.03399001612159,3.03399001612159,3.03399001612159,3.03399001612159,3.03399001612159,3.03399001612159,3.03399001612159,3.03399001612159,3.03658277465073,3.04643525706146,3.07003926093868,3.3609431913005494,3.37639607319547,3.37639607319547,3.37639607319544,3.39571194972235,3.4227541768600203,3.4227541768600203,3.0248927778049097,3.0230715381810294,3.0230715381810294,3.0230715381810294,3.0230715381810294,3.0230715381810294,3.18904664774958,4.34529432903143
LV,1.37099326207516,1.37096056642973,1.37078074037981,1.37078074037981,1.37078074037981,1.37078074037981,1.37078074037981,1.37078074037981,1.3471345899731002,1.31918913949244,1.31262484790589,1.27980338997318,1.27980338997318,1.27980338997318,1.27980338997318,1.27980338997318,1.27980338997318,1.27980338997318,1.27980338997318,1.27980338997318,1.27980338997318,1.27980338997318,1.27980338997318,1.27980338997318,1.27980338997318,1.27980338997318,1.27980338997318,1.27980338997318,1.27991085006341,1.281092911056,1.281092911056,1.281092911056,1.281092911056,1.27774457718694,1.2721640207384899,1.2721640207384899,1.2721640207384899,1.2721640207384899,1.2721640207384899,1.2721640207384899,1.2700229265225602,1.2698282815938402,1.65793632601645,1.6579363260164397,1.68584044772616,1.72490621811977,1.7650362181497699,2.17633887544629,2.19271823747193,2.19271823747193,2.19271823747193,2.19271823747193,2.19271823747193,2.19244051741142,2.5294202280625697
MIA,3.1793214669,3.13917655072223,3.11613009881672,3.11613009881672,3.11613009881672,3.1243339683459705,3.02558122387133,3.00265941335123,2.9821426144116403,2.9564468522358,2.94946109153895,2.91453228805469,2.9118703468479703,2.91453228805469,2.91453228805469,2.91453228805469,2.91453228805469,2.91453228805469,2.91453228805469,2.91453228805469,2.91453228805469,2.91453228805469,2.91453228805469,2.91453228805469,2.91453228805469,2.91453228805469,2.90540953225262,2.89130672135086,2.8801722232871403,2.87867777413418,2.87759280614367,2.87759280614367,2.87759280614367,2.87292584079122,2.8651475652038103,2.8651475652038103,2.8651475652038103,2.86774032373295,2.87759280614367,2.87759280614367,3.02062626801857,3.04331903492118,3.0433190349211903,3.0433190349212005,3.0724271786562802,3.11317857988541,3.0709046943666203,2.3798301929381402,2.35523115441972,2.35523115441972,2.35523115441972,2.35523115441972,2.35523115441972,2.3274500777991802,1.77685701614049
MIN,2.32369928927115,2.32361677502921,2.32316294669844,2.32316294669844,2.32316294669844,2.32316294669844,2.42396246368054,2.4331260561334602,2.41287449492219,2.38894083167251,2.38280399494182,2.3521198112883903,2.3521198112883903,2.3521198112883903,2.3521198112883903,2.3521198112883903,2.3521198112883903,2.3521198112883903,2.3521198112883903,2.3521198112883903,2.3521198112883903,2.3521198112883903,2.3521198112883903,2.3521198112883903,2.3521198112883903,2.3521198112883903,2.3482211150124104,2.34475560721156,2.34405885914706,2.33639463043755,2.33639463043755,2.33639463043755,2.33639463043755,2.33639463043755,2.33639463043755,2.33639463043755,2.33639463043755,2.33639463043755,2.33639463043755,2.32875991703554,2.08220464070368,2.05746442114833,2.05746442114832,2.0574644211483504,2.0574644211483504,2.0574644211483504,2.0574644211483504,1.76370876414149,1.74679696273792,1.74679696273792,1.74679696273792,1.74679696273792,1.74679696273792,1.75070348619858,2.08970335120206
NE,3.03105511896586,3.0307064756627295,3.02878893749564,3.02878893749564,3.02878893749564,3.02878893749564,3.1246033868830496,3.1345722723205798,3.11282970432565,3.0871339421498103,3.0812038122693104,3.0515531628668,3.0515531628668,3.0515531628668,3.0515531628668,3.0515531628668,3.0515531628668,3.0515531628668,3.0515531628668,3.0515531628668,3.0515531628668,3.0515531628668,3.0515531628668,3.0515531628668,3.0515531628668,3.0515531628668,3.05155316286682,3.0515531628668,3.0515531628668,3.0515531628668,3.0515531628668,3.0515531628668,3.0515531628668,3.0472398433360897,3.04005097745157,3.04005097745157,3.04005097745157,3.04005097745157,3.04005097745157,3.03759270270669,2.76569082330716,2.7282395668730004,2.7282395668730097,2.7282395668730404,2.7007942692719102,2.66237085263034,2.66312732806002,2.83203542464875,2.83203542464875,2.83203542464875,2.83203542464875,2.83203542464875,2.83203542464875,2.76218619673012,2.04126590429699
NO,3.06405095773116,3.0129635252395297,2.98498707411319,2.98498707411319,2.98498707411319,2.9866464395718397,2.90618952889552,2.8499055680257404,2.8499055680257404,2.8499055680257404,2.8499055680257404,2.8499055680257404,2.8491224772359995,2.8560852738717504,2.8560852738717504,2.8560852738717504,2.8560852738717504,2.8560852738717504,2.8560852738717504,2.8560852738717504,2.8560852738717504,2.8560852738717504,2.8560852738717504,2.8560852738717504,2.8560852738717504,2.8560852738717504,2.8528136648944504,2.8412633579068194,2.82433816274124,2.81640659962265,2.81640659962265,2.81640659962265,2.81640659962265,2.81640659962265,2.81640659962265,2.81640659962265,2.81640659962265,2.8189993581517796,2.82885184056251,2.8699163999003,3.85381874888214,3.94332129154447,3.95725663156677,3.95725663156672,4.15764614905396,4.43819147353606,4.34738396929227,3.2210674257589305,3.20728356083399,3.207283560834,3.20728356083399,3.1956472221406003,3.1931974666261898,3.2104747923859,3.3712684765159304
NYG,1.40127315434623,1.4012404587008,1.4010606326508799,1.4010606326508799,1.4010606326508799,1.4010606326508799,1.3928855456446,1.38704619778296,1.37354462669105,1.3575882244915198,1.35367120898912,1.33408613147714,1.33408613147714,1.33408613147714,1.33408613147714,1.33408613147714,1.33408613147714,1.33408613147714,1.33408613147714,1.33408613147714,1.33408613147714,1.33408613147714,1.33408613147714,1.33408613147714,1.33408613147714,1.33408613147714,1.33408613147715,1.33408613147715,1.33419359156738,1.3326390462846298,1.33151220840656,1.33151220840656,1.33151220840656,1.33151220840656,1.33151220840656,1.33151220840656,1.33151220840656,1.33151220840656,1.33151220840656,1.3302576929090801,1.14414419530999,1.11929040993035,1.1192904099303602,1.11929040993035,1.01089731861758,0.9390249235344259,0.9331700619032021,0.8880600267043409,0.87133725314328,0.8713372531432779,0.87133725314328,0.87133725314328,0.87133725314328,0.851443096377465,0.6018734826411589
NYJ,0.886353198643398,0.886340533781717,0.8862708770425289,0.88627087704253,0.8862708770425289,0.8862708770425289,0.864254324967371,0.8485282163422551,0.823484321224266,0.793886990630279,0.7873597928673729,0.7547238040528421,0.753132209708223,0.7492669091570041,0.7492669091570041,0.7492669091570041,0.7492669091570041,0.7492669091570041,0.7492669091570041,0.7492669091570041,0.7492669091570041,0.7492669091570041,0.7492669091570041,0.7492669091570041,0.7492669091570041,0.7492669091570041,0.7404510348076859,0.731464806067152,0.7280840540018859,0.730174641800684,0.730174641800684,0.730174641800684,0.730174641800684,0.730174641800684,0.730174641800684,0.730174641800684,0.730174641800684,0.730174641800684,0.730174641800684,0.7241541657400699,0.601837265476457,0.589184055623946,0.5891840556239439,0.5891840556239399,0.560073201737928,0.519318006297514,0.511233881765396,0.40740695820354206,0.392454824996913,0.392454824996914,0.392454824996913,0.392454824996914,0.392454824996913,0.389396170024346,0.278036591623305
PHI,1.27299851214336,1.27295283241308,1.27270159389657,1.27270159389657,1.27270159389657,1.2750919825067601,1.22567474626215,1.18753101964671,1.1574615865922,1.1219249838914198,1.11312895936108,1.0691488367094202,1.06866222438762,1.06681309756477,1.06681309756477,1.06681309756477,1.06681309756477,1.06681309756477,1.06681309756477,1.06681309756477,1.06681309756477,1.06681309756477,1.06681309756477,1.06681309756477,1.06681309756477,1.06681309756477,1.06681309756476,1.06443957093143,1.05970897255875,1.05662637727199,1.05662637727199,1.05662637727199,1.05662637727199,1.0559608606181001,1.05352074326726,1.0521898203395699,1.0521898203395699,1.05446780769218,1.06312415963211,1.08755614968399,1.4462804989014,1.46635699684079,1.46635699684079,1.4663569968408101,1.51146854106145,1.57462470297034,1.5679280352322,1.42325218170775,1.41691761883526,1.41691761883526,1.41691761883526,1.41691761883526,1.41691761883526,1.41691761883526,1.3919621242679399
PIT,2.4369518240507997,2.43695182405081,2.43695182405081,2.43695182405081,2.43695182405081,2.43968370620834,2.3376477351454197,2.32766054899668,2.3074089877854105,2.28347532453574,2.2769502258408703,2.24432473236655,2.24432473236655,2.24432473236655,2.24432473236655,2.24432473236655,2.24432473236655,2.24432473236655,2.25044592373384,2.28347532453574,2.28347532453574,2.26390002845114,2.24432473236655,2.24432473236655,2.24432473236655,2.24432473236655,2.24192181041346,2.2397858797884904,2.2400364281177003,2.2427924597390603,2.2427924597390603,2.2427924597390603,2.2427924597390603,2.2427924597390603,2.2427924597390603,2.2427924597390603,2.24434811485654,2.25979083760814,2.27709275793917,2.33179536300142,2.94484687665959,2.99640312288394,3.10262728628134,3.1026272862812996,3.1877252632095803,3.3068624309091494,3.2702090014148197,2.7320457858044396,2.7307220236774503,2.7307220236774503,2.7307220236774503,2.7307220236774503,2.7307220236774503,2.63591398883347,1.78027386766736
SEA,4.07773685654119,3.95289991192999,3.9312036594645,3.9312036594645,3.9312036594645,3.9312036594645,3.9921657768049705,4.03571014633388,4.074032331395201,4.11932218646766,4.12977511870069,4.18203977986584,4.1794258331994305,4.161128206534549,4.161128206534549,4.161128206534549,4.161128206534549,4.161128206534549,4.161128206534549,4.161128206534549,4.161128206534549,4.1668792992421695,4.17263039194978,4.17263039194978,4.17263039194978,4.17263039194978,4.17263039194979,4.17263039194978,4.17263039194978,4.17263039194978,4.17263039194978,4.17263039194978,4.17263039194978,4.17263039194978,4.17263039194978,4.17263039194978,4.17263039194978,4.17263039194978,4.17263039194978,4.23387703253228,5.12428606919534,5.18650814151104,5.18650814151106,5.18650814151103,5.256459148854559,5.35439055913549,5.35439055913549,4.55554080282492,4.52528706634562,4.52528706634562,4.52528706634562,4.52528706634562,4.52528706634562,4.53463271926745,3.473824671653
SF,7.02889702889702,6.9541107041106995,6.913156288156281,6.913156288156281,6.913156288156281,6.933011260531959,6.75107990025118,6.7315323565323695,6.7633610602360905,6.80097680097682,6.80869285035955,6.84727309727313,6.84356345814682,6.829466829466861,6.829466829466861,6.829466829466861,6.829466829466861,6.829466829466861,6.829466829466861,6.829466829466861,6.829466829466861,6.829466829466861,6.829466829466861,6.829466829466861,6.829466829466861,6.829466829466861,6.829466829466809,6.819557254339889,6.800976800976829,6.800976800976829,6.800976800976829,6.800976800976829,6.800976800976829,6.800976800976829,6.800976800976829,6.800976800976829,6.800976800976829,6.795338149504841,6.81789275539278,6.83161013422583,6.997051870440449,7.0213023113575606,7.021302311357549,7.0213023113575606,7.0213023113575606,7.0213023113575606,7.05971123784192,7.378728044220099,7.36418625884498,7.364186258844991,7.36418625884498,7.364186258844991,7.36418625884498,7.36418625884498,6.6815898866822
TB,13.9054232804233,13.802264331110498,13.234890109890198,13.234890109890198,13.234890109890198,13.234890109890198,13.327482702482701,13.4042298365215,13.4167684167685,13.4167684167685,13.4167684167685,13.4167684167685,13.4167684167685,13.4167684167685,13.4167684167685,13.4167684167685,13.4167684167685,13.4167684167685,13.4167684167685,13.4167684167685,13.4167684167685,13.4167684167685,13.4167684167685,13.4167684167685,13.4167684167685,13.438814272147601,13.427661662955801,13.4167684167685,13.4167684167685,13.4167684167685,13.4167684167685,13.4167684167685,13.4167684167685,13.4167684167685,13.4167684167685,13.4167684167685,13.4167684167685,13.957758061119002,14.090354090354099,14.0918379460046,14.3497320580653,14.3732193732194,14.337606837606799,14.337606837606799,14.435136222351801,14.571677360994801,14.571677360994801,15.0380896916009,15.1302529228654,15.1562458527884,15.156245852788501,15.1562458527884,15.156245852788501,15.215945311696801,14.1456361657229
TEN,3.81106054878542,3.80482835505321,3.8048283550532203,3.8048283550532203,3.8048283550532203,3.8048283550532203,3.99137020826173,4.00575368111758,3.97175539558981,3.9358358553599304,3.92662571683945,3.8805750242370403,3.8840588592426095,3.8805750242370403,3.8805750242370403,3.8805750242370403,3.8805750242370403,3.8805750242370403,3.8805750242370403,3.8805750242370403,3.8805750242370403,3.8805750242370403,3.8805750242370403,3.8805750242370403,3.8805750242370403,3.8805750242370403,3.88057502423707,3.8805750242370403,3.8810349713442798,3.886094389524,3.886094389524,3.886094389524,3.886094389524,3.8824712011182005,3.8764325537752096,3.8764325537752096,3.8764325537752096,3.8764325537752096,3.8764325537752096,3.81910802142862,3.2920145299717003,3.2675024607957797,3.26750246079579,3.2675024607957797,3.24947831874494,3.2242445198737597,3.2242445198737597,3.49532944440642,3.5074536759742303,3.5074536759742405,3.5074536759742303,3.5074536759742303,3.5074536759742303,3.5523699461312,3.92952925068627
WAS,2.08876572309141,2.0887657230914303,2.0887657230914303,2.0887657230914303,2.0887657230914303,2.0887657230914303,2.0887657230914303,2.0887657230914303,2.0887657230914303,2.0887657230914303,2.0887657230914303,2.0887657230914303,2.0887657230914303,2.0887657230914303,2.0887657230914303,2.0887657230914303,2.0887657230914303,2.0887657230914303,2.0887657230914303,2.0887657230914303,2.0887657230914303,2.0887657230914303,2.0887657230914303,2.0887657230914303,2.0887657230914303,2.0887657230914303,2.0918999691172,2.09468596558456,2.09468596558456,2.09468596558456,2.09468596558456,2.09468596558456,2.09468596558456,2.09468596558456,2.09468596558456,2.09468596558456,2.09468596558456,2.09468596558456,2.09468596558456,2.07232880280143,1.67100846316542,1.64029748523252,1.64029748523252,1.6402974852325298,1.7494713200966499,1.77130608706947,1.77130608706947,1.66313771465334,1.66251082211999,1.66251082211999,1.66251082211999,1.66251082211999,1.66251082211999,1.62843746126259,1.3267954811040101
